,TIMESTAMP,Stepwise_Bottom_Heating_Energy_Production,InvertPyramid_Bottom_Heating_Energy_Production,Sidewall_Interfacial_Energy_Production,Bottom_Heating_Energy_Production,Foam_Bottom_Interfacial_Energy_Production,Global_Energy_Tot,Direct_Energy_Tot,Diffuse_Energy_Tot,Global_Max,Direct_Max,Diffuse_Max,WS_ms_Avg,WS_ms_Max,WS_ms_Min,WDir_Avg,WDir_Max,WDir_Min,AirTemp_C_Avg,AirTemp_C_Max,AirTemp_C_Min,RH_Avg,RH_Max,RH_Min,Press_Avg,Press_Max,Press_Min,T110PV_Temp_C_Avg,T110PV_Temp_C_Max,T110PV_Temp_C_Min,T110PV_Temp_C1_Avg,T110PV_Temp_C1_Max,T110PV_Temp_C1_Min,T110PV_Temp_C2_Avg,T110PV_Temp_C2_Max,T110PV_Temp_C2_Min,T110PV_Temp_C3_Avg,T110PV_Temp_C3_Max,T110PV_Temp_C3_Min,T110PV_Temp_C4_Avg,T110PV_Temp_C4_Max,T110PV_Temp_C4_Min,Sun_Time_Tot
0,2020-12-02,nan,nan,0.013333333333333334,0.08,0.05925925925925926,nan,nan,nan,nan,nan,nan,nan,nan,nan,nan,nan,nan,nan,nan,nan,nan,nan,nan,nan,nan,nan,nan,nan,nan,nan,nan,nan,nan,nan,nan,nan,nan,nan,nan,nan,nan,nan
1,2020-12-03,nan,nan,0.10666666666666667,0.08,0.11851851851851852,nan,nan,nan,nan,nan,nan,nan,nan,nan,nan,nan,nan,nan,nan,nan,nan,nan,nan,nan,nan,nan,nan,nan,nan,nan,nan,nan,nan,nan,nan,nan,nan,nan,nan,nan,nan,nan
2,2020-12-04,nan,nan,0.37333333333333335,0.32,0.5037037037037038,nan,nan,nan,nan,nan,nan,nan,nan,nan,nan,nan,nan,nan,nan,nan,nan,nan,nan,nan,nan,nan,nan,nan,nan,nan,nan,nan,nan,nan,nan,nan,nan,nan,nan,nan,nan,nan
3,2020-12-05,nan,nan,0.26666666666666666,0.26666666666666666,0.35555555555555557,nan,nan,nan,nan,nan,nan,nan,nan,nan,nan,nan,nan,nan,nan,nan,nan,nan,nan,nan,nan,nan,nan,nan,nan,nan,nan,nan,nan,nan,nan,nan,nan,nan,nan,nan,nan,nan
4,2020-12-06,nan,nan,0.5333333333333333,0.3466666666666667,0.5037037037037038,nan,nan,nan,nan,nan,nan,nan,nan,nan,nan,nan,nan,nan,nan,nan,nan,nan,nan,nan,nan,nan,nan,nan,nan,nan,nan,nan,nan,nan,nan,nan,nan,nan,nan,nan,nan,nan
5,2020-12-07,nan,nan,0.05333333333333334,0.10666666666666667,0.11851851851851852,nan,nan,nan,nan,nan,nan,nan,nan,nan,nan,nan,nan,nan,nan,nan,nan,nan,nan,nan,nan,nan,nan,nan,nan,nan,nan,nan,nan,nan,nan,nan,nan,nan,nan,nan,nan,nan
6,2020-12-08,nan,nan,0.0,0.0,0.02962962962962963,nan,nan,nan,nan,nan,nan,nan,nan,nan,nan,nan,nan,nan,nan,nan,nan,nan,nan,nan,nan,nan,nan,nan,nan,nan,nan,nan,nan,nan,nan,nan,nan,nan,nan,nan,nan,nan
7,2020-12-09,nan,nan,0.21333333333333335,0.16,0.26666666666666666,nan,nan,nan,nan,nan,nan,nan,nan,nan,nan,nan,nan,nan,nan,nan,nan,nan,nan,nan,nan,nan,nan,nan,nan,nan,nan,nan,nan,nan,nan,nan,nan,nan,nan,nan,nan,nan
8,2020-12-10,nan,nan,0.05333333333333334,0.05333333333333334,0.08888888888888889,nan,nan,nan,nan,nan,nan,nan,nan,nan,nan,nan,nan,nan,nan,nan,nan,nan,nan,nan,nan,nan,nan,nan,nan,nan,nan,nan,nan,nan,nan,nan,nan,nan,nan,nan,nan,nan
9,2020-12-11,nan,nan,0.05333333333333334,0.05333333333333334,0.08888888888888889,nan,nan,nan,nan,nan,nan,nan,nan,nan,nan,nan,nan,nan,nan,nan,nan,nan,nan,nan,nan,nan,nan,nan,nan,nan,nan,nan,nan,nan,nan,nan,nan,nan,nan,nan,nan,nan
10,2020-12-12,nan,nan,0.96,0.7733333333333333,1.1555555555555557,nan,nan,nan,nan,nan,nan,nan,nan,nan,nan,nan,nan,nan,nan,nan,nan,nan,nan,nan,nan,nan,nan,nan,nan,nan,nan,nan,nan,nan,nan,nan,nan,nan,nan,nan,nan,nan
11,2020-12-13,nan,nan,0.8533333333333334,0.7200000000000001,1.0666666666666667,nan,nan,nan,nan,nan,nan,nan,nan,nan,nan,nan,nan,nan,nan,nan,nan,nan,nan,nan,nan,nan,nan,nan,nan,nan,nan,nan,nan,nan,nan,nan,nan,nan,nan,nan,nan,nan
12,2020-12-14,nan,nan,0.05333333333333334,0.05333333333333334,0.14814814814814814,nan,nan,nan,nan,nan,nan,nan,nan,nan,nan,nan,nan,nan,nan,nan,nan,nan,nan,nan,nan,nan,nan,nan,nan,nan,nan,nan,nan,nan,nan,nan,nan,nan,nan,nan,nan,nan
13,2020-12-15,nan,nan,1.3333333333333333,1.0133333333333334,1.3629629629629632,nan,nan,nan,nan,nan,nan,nan,nan,nan,nan,nan,nan,nan,nan,nan,nan,nan,nan,nan,nan,nan,nan,nan,nan,nan,nan,nan,nan,nan,nan,nan,nan,nan,nan,nan,nan,nan
14,2020-12-16,nan,nan,1.2533333333333332,1.04,1.3629629629629632,nan,nan,nan,nan,nan,nan,nan,nan,nan,nan,nan,nan,nan,nan,nan,nan,nan,nan,nan,nan,nan,nan,nan,nan,nan,nan,nan,nan,nan,nan,nan,nan,nan,nan,nan,nan,nan
15,2020-12-17,nan,nan,0.7200000000000001,0.64,0.8888888888888888,nan,nan,nan,nan,nan,nan,nan,nan,nan,nan,nan,nan,nan,nan,nan,nan,nan,nan,nan,nan,nan,nan,nan,nan,nan,nan,nan,nan,nan,nan,nan,nan,nan,nan,nan,nan,nan
16,2020-12-18,nan,nan,0.0,0.02666666666666667,0.14814814814814814,0.10400000000000001,0.0,0.10400000000000001,59.17,0.37200000000000005,58.8,1.3459999999999999,7.587999999999999,0.0,223.7,357.5,0.049,4.423,4.9719999999999995,0.0,85.5,95.3,0.0,1027.0,1030.0,0.0,5.766,7.36,4.758,4.573,5.579,3.952,nan,nan,nan,4.368,5.419,3.9210000000000003,3.909,6.397,2.36,0.0
17,2020-12-19,nan,nan,0.8266666666666667,0.64,1.0074074074074075,2.952,1.936,1.746,641.1,467.4,325.7,1.905,8.86,0.0,204.7,357.5,0.049,5.602,8.64,3.883,64.43,80.6,50.34,1030.0,1032.0,1028.0,9.79,26.22,3.319,6.6,13.15,3.5789999999999997,nan,nan,nan,6.62,17.57,2.543,7.311,25.1,-0.76,6.834
18,2020-12-20,nan,nan,0.9866666666666667,0.88,1.0666666666666667,3.1,2.491,1.517,601.4,478.9,291.2,1.324,6.108,0.0,197.7,356.9,0.049,5.374,8.77,2.385,59.83,77.28,41.59,1030.0,1032.0,1028.0,10.41,31.95,1.733,6.478,15.28,1.8419999999999999,nan,nan,nan,6.46,21.53,1.133,6.9879999999999995,28.87,-2.615,7.422000000000001
19,2020-12-21,nan,nan,1.1733333333333333,0.9866666666666667,1.2444444444444442,3.447,3.68,1.175,594.6,557.5,177.1,0.9059999999999999,4.629,0.0,193.6,356.8,0.049,4.82,10.78,0.218,60.94,87.3,30.89,1027.0,1030.0,1024.0,10.25,33.56,-0.172,6.218,18.0,-0.418,nan,nan,nan,5.797999999999999,24.29,-0.7959999999999999,6.25,31.09,-4.1610000000000005,8.82
20,2020-12-22,nan,nan,1.2533333333333332,1.0666666666666667,1.3925925925925924,3.4939999999999998,3.819,1.099,595.2,591.0,159.8,0.872,4.629,0.0,176.4,356.5,0.049,6.023,12.83,0.15,60.0,83.8,23.67,1022.0,1025.0,1020.0,11.47,37.79,-0.289,7.376,20.7,-0.243,9.03,36.07,-3.22,6.867000000000001,25.02,-0.7490000000000001,7.515,33.71,-3.95,8.66
21,2020-12-23,0.1851851851851852,0.07407407407407408,0.13333333333333333,0.16,0.35555555555555557,1.295,0.01,1.296,381.8,67.79,349.6,0.77,3.5189999999999997,0.0,199.4,356.4,0.049,8.13,12.28,3.611,65.62,82.8,51.19,1017.0,1020.0,1014.0,10.14,22.38,3.509,8.42,13.4,3.4219999999999997,nan,nan,nan,8.18,14.05,2.865,9.17,24.54,-0.193,0.0
22,2020-12-24,1.0000000000000002,0.38888888888888884,1.0133333333333334,0.88,1.0962962962962963,3.0460000000000003,2.3369999999999997,1.527,538.6,414.9,236.9,1.3259999999999998,8.78,0.0,186.9,356.8,0.07400000000000001,9.89,14.12,6.1979999999999995,62.81,92.7,32.94,1018.0,1021.0,1016.0,13.54,33.97,4.738,10.89,20.73,5.772,nan,nan,nan,10.52,23.11,4.494,11.02,31.24,0.86,7.609
23,2020-12-25,1.0740740740740742,0.7962962962962964,0.9333333333333332,0.7999999999999999,1.0666666666666667,2.9330000000000003,1.891,1.751,560.6,353.8,361.9,0.997,5.122000000000001,0.0,158.2,356.5,0.049,7.567,11.87,2.9410000000000003,61.76,86.2,36.89,1021.0,1024.0,1019.0,11.89,32.15,2.29,8.67,17.24,2.878,-6.392,31.25,-89.8,8.12,20.31,1.798,8.8,30.67,-0.8029999999999999,7.261
24,2020-12-28,1.1111111111111112,0.8333333333333334,0.9333333333333332,0.7733333333333333,0.9777777777777777,2.885,1.6540000000000001,1.79,567.4,380.6,282.3,0.991,5.697,0.0,168.8,357.0,0.049,10.18,15.42,5.382999999999999,76.3,93.5,47.38,1016.0,1019.0,1013.0,13.93,38.0,4.971,11.0,20.46,5.099,nan,nan,nan,10.75,21.99,4.899,10.87,33.68,1.883,7.087999999999999
25,2020-12-29,0.12962962962962965,0.03703703703703704,0.13333333333333333,0.16,0.2074074074074074,0.78,0.098,0.738,414.8,154.9,333.1,1.807,15.15,0.0,218.6,357.5,0.049,7.156000000000001,12.79,-0.055,84.0,90.4,70.64,1018.0,1030.0,1012.0,8.52,24.57,1.42,7.374,15.79,0.52,7.225,23.19,-77.0,7.169,14.77,0.187,6.984,25.06,-0.418,0.308
26,2020-12-30,1.240740740740741,0.5925925925925927,0.9866666666666667,0.64,1.125925925925926,3.562,3.082,1.639,732.7,544.5,403.5,1.56,11.7,0.0,224.4,357.5,0.049,-1.912,0.627,-4.69,54.12,80.7,37.48,1032.0,1034.0,1029.0,3.7439999999999998,20.86,-3.33,-0.518,7.31,-4.801,0.843,17.97,-6.832000000000001,-0.505,11.31,-5.075,-0.379,17.67,-9.22,7.921
27,2020-12-31,1.3333333333333335,nan,1.1733333333333333,1.0133333333333334,1.2740740740740741,3.9189999999999996,4.88,0.8440000000000001,653.1,661.8,112.3,1.4409999999999998,7.136,0.0,205.6,356.5,0.049,-1.764,3.2560000000000002,-5.772,39.9,62.71,21.87,1031.0,1034.0,1029.0,5.597,26.83,-4.745,0.205,10.95,-5.966,1.794,23.06,-8.47,-0.225,16.67,-6.251,0.41,23.27,-10.8,9.19
28,2021-01-04,0.462962962962963,nan,0.3466666666666667,0.32,nan,1.709,0.221,1.579,706.1,288.6,468.6,1.128,4.958,0.0,186.2,356.9,0.049,9.01,13.1,6.53,75.3,86.5,60.12,1023.0,1025.0,1020.0,11.96,32.24,6.257000000000001,9.63,17.17,6.651,10.75,28.92,-70.82,9.69,21.73,6.39,11.18,31.77,4.328,0.748
29,2021-01-05,0.03703703703703704,nan,0.0,0.02666666666666667,nan,0.217,0.0,0.217,56.59,0.37200000000000005,56.69,2.028,8.08,0.0,189.7,357.4,0.049,7.018,8.71,5.242000000000001,80.3,89.8,65.95,1024.0,1027.0,1022.0,7.903,9.41,6.085,7.171,8.81,5.337000000000001,6.962000000000001,8.51,5.098,7.196000000000001,8.79,5.377000000000001,6.807,8.53,4.978,0.0
30,2021-01-06,0.11111111111111112,nan,0.08,0.08,nan,0.8390000000000001,0.003,0.8420000000000001,245.1,1.117,245.8,1.936,7.053999999999999,0.0,196.7,357.2,0.049,4.149,5.438,3.2030000000000003,69.62,74.28,61.34,1024.0,1027.0,1021.0,6.4239999999999995,13.1,3.998,4.562,7.006,3.468,4.994,11.42,2.92,4.845,7.723,3.384,5.247000000000001,14.02,2.5780000000000003,0.0
31,2021-01-07,0.3518518518518519,nan,0.16,0.16,nan,1.7280000000000002,0.293,1.574,422.6,354.6,325.7,3.208,13.42,0.231,212.5,356.9,0.049,-1.3030000000000002,3.34,-5.167000000000001,41.18,71.28,24.81,1029.0,1032.0,1026.0,1.7719999999999998,8.99,-3.383,-0.528,3.718,-4.857,-1.963,5.563,-27.44,-0.324,5.462000000000001,-4.803,0.063,8.54,-6.6739999999999995,0.713
32,2021-01-08,1.1481481481481481,nan,1.1199999999999999,0.8533333333333334,nan,3.846,4.5280000000000005,0.917,689.0,671.5,233.5,1.745,9.27,0.0,224.2,356.0,0.049,-2.655,2.405,-6.457000000000001,24.89,40.5,12.67,1029.0,1032.0,1026.0,4.255,26.62,-5.476,-0.6779999999999999,11.06,-6.422999999999999,1.304,24.92,-8.21,-1.08,17.68,-6.597,-0.052000000000000005,24.11,-10.19,8.41
33,2021-01-11,1.2222222222222223,nan,1.04,0.8266666666666667,nan,3.358,2.803,1.5230000000000001,616.0,479.7,297.1,1.301,8.62,0.0,215.8,355.5,0.049,3.6260000000000003,8.33,-0.6679999999999999,33.02,58.21,17.64,1025.0,1028.0,1022.0,8.62,30.95,-1.1540000000000001,5.138,14.52,-0.7959999999999999,nan,nan,nan,4.453,20.21,-1.713,5.27,27.17,-5.1770000000000005,8.37
34,2021-01-12,1.6111111111111112,0.48148148148148157,1.28,1.04,1.3925925925925924,3.8739999999999997,4.081,1.153,638.9,596.6,155.3,1.3519999999999999,10.42,0.0,213.2,355.4,0.098,5.751,12.15,-0.191,28.54,47.17,13.04,1019.0,1025.0,1015.0,10.99,38.22,-1.19,7.499,20.1,-0.772,nan,nan,nan,6.331,26.15,-1.8730000000000002,6.915,31.13,-6.03,8.89
35,2021-01-13,2.0000000000000004,1.5185185185185186,1.7333333333333334,1.3866666666666667,1.7777777777777777,3.943,4.749,0.823,643.7,634.2,107.8,1.321,6.355,0.0,199.3,355.1,0.049,10.76,18.69,4.702,25.13,44.83,14.68,1014.0,1015.0,1011.0,15.33,44.17,1.985,12.37,26.88,3.884,nan,nan,nan,10.94,29.41,2.536,12.03,38.87,-1.186,9.22
36,2021-01-14,2.037037037037037,1.2222222222222223,1.6266666666666667,1.3866666666666667,1.7777777777777777,3.937,4.577,0.898,642.1,631.3,121.1,0.9329999999999999,5.2860000000000005,0.0,158.3,355.4,0.049,10.78,18.69,3.2110000000000003,40.79,63.32,15.63,1013.0,1016.0,1010.0,16.01,46.09,2.354,12.35,27.29,2.4930000000000003,nan,nan,nan,11.04,31.12,1.754,12.27,41.49,-2.6660000000000004,9.15
37,2021-01-15,1.9074074074074074,0.888888888888889,1.4933333333333334,1.3866666666666667,1.6592592592592592,3.647,3.678,1.175,604.6,534.9,168.3,1.821,10.55,0.0,171.1,355.4,0.049,12.7,21.82,5.928,41.18,64.46,14.68,1013.0,1021.0,1011.0,18.28,47.22,4.596,14.35,29.09,5.654,16.69,44.68,-17.11,13.4,34.11,4.413,15.67,42.79,0.7240000000000001,9.04
38,2021-01-16,0.6111111111111112,0.22222222222222224,0.48,0.45333333333333337,0.6222222222222221,2.531,0.44299999999999995,2.2119999999999997,686.8,255.2,470.4,3.042,9.44,0.231,173.8,356.3,0.0,5.308,7.585,3.2030000000000003,61.11,77.27,47.85,1025.0,1030.0,1019.0,8.5,22.3,3.7710000000000004,6.127999999999999,11.19,3.301,7.609,22.66,1.6880000000000002,6.567,13.05,3.259,7.2010000000000005,22.01,1.1,1.445
39,2021-01-17,1.5740740740740742,0.5925925925925927,1.2266666666666668,1.1199999999999999,1.3629629629629632,3.5039999999999996,2.5780000000000003,1.669,588.8,420.8,241.9,1.318,5.944,0.0,197.5,356.2,0.049,3.792,8.19,1.036,46.05,64.47,23.09,1029.0,1032.0,1024.0,9.44,31.45,0.586,5.334,15.25,0.86,nan,nan,nan,5.0969999999999995,20.25,0.325,6.135,28.56,-3.742,7.787000000000001
40,2021-01-18,1.9074074074074074,nan,1.5199999999999998,1.3066666666666666,1.6,3.998,4.457,0.966,653.8,616.3,124.3,0.9329999999999999,4.958,0.0,184.1,355.8,0.049,5.961,14.19,-1.6909999999999998,43.3,74.85,14.13,1022.0,1024.0,1019.0,12.01,40.64,-1.8969999999999998,7.718,21.89,-1.959,nan,nan,nan,6.622999999999999,28.45,-2.2569999999999997,8.04,36.63,-6.372999999999999,9.24
41,2021-01-19,1.7407407407407405,nan,1.36,1.2533333333333332,1.511111111111111,3.8139999999999996,3.863,1.16,636.3,554.6,159.8,1.2819999999999998,7.218,0.0,168.5,355.6,0.049,6.5489999999999995,13.51,0.218,54.36,75.91,21.73,1022.0,1024.0,1020.0,11.52,35.66,-0.055,7.837000000000001,19.35,-0.091,nan,nan,nan,7.05,23.59,-0.8909999999999999,7.943,31.63,-4.861000000000001,9.1
42,2021-01-20,1.8333333333333335,0.9074074074074076,1.3066666666666666,1.04,1.4518518518518517,3.638,3.4219999999999997,1.24,596.2,500.5,175.7,0.956,4.958,0.0,159.6,356.1,0.049,10.35,18.75,2.668,68.35,86.4,43.84,1018.0,1020.0,1015.0,15.77,42.02,2.2569999999999997,11.82,24.11,2.278,nan,nan,nan,10.87,28.27,1.798,12.98,38.67,-0.8029999999999999,8.83
43,2021-01-21,1.4444444444444446,0.888888888888889,1.0133333333333334,0.96,1.3037037037037036,3.0669999999999997,1.8780000000000001,1.719,716.2,441.4,399.3,1.446,7.835,0.0,161.8,356.7,0.07400000000000001,13.86,20.66,9.11,73.01,85.6,51.06,1014.0,1016.0,1012.0,18.6,43.33,8.6,15.08,25.5,9.26,nan,nan,nan,14.94,30.75,8.71,17.18,42.42,6.659,5.867999999999999
44,2021-01-25,0.22222222222222224,0.12962962962962965,0.13333333333333333,0.13333333333333333,0.26666666666666666,1.077,0.006999999999999999,1.079,524.4,56.98,480.9,0.78,2.451,0.0,200.4,357.4,0.049,10.03,12.55,7.752999999999999,87.8,96.6,76.81,1017.0,1019.0,1014.0,12.07,24.27,7.915,10.53,14.54,7.7,nan,nan,nan,10.61,14.89,7.905,11.57,26.85,5.9239999999999995,0.0
45,2021-01-26,0.1851851851851852,0.12962962962962965,0.10666666666666667,0.13333333333333333,0.23703703703703705,0.993,0.004,0.9940000000000001,338.5,9.68,338.7,1.635,8.29,0.0,213.1,357.4,0.049,8.82,10.34,6.3260000000000005,81.8,97.7,69.01,1018.0,1021.0,1015.0,10.61,18.07,7.457000000000001,9.19,11.91,6.422000000000001,nan,nan,nan,9.33,12.61,6.672999999999999,9.9,19.67,6.355,0.0
46,2021-01-27,0.03703703703703704,0.0,0.02666666666666667,0.02666666666666667,0.11851851851851852,0.29,0.001,0.29,115.1,0.373,115.5,1.078,3.93,0.0,192.2,357.7,0.049,7.122000000000001,7.996,6.19,95.7,99.2,86.7,1019.0,1021.0,1016.0,8.57,10.98,7.553999999999999,7.372000000000001,8.6,6.567,7.192,9.55,6.356,7.372999999999999,8.48,6.471,7.182,10.83,6.315,0.0
47,2021-01-28,1.5555555555555554,0.8703703703703702,0.8266666666666667,1.1199999999999999,1.3037037037037036,3.553,1.89,2.044,720.0,391.0,416.9,1.61,10.79,0.0,218.8,357.7,0.049,9.05,13.54,5.587999999999999,64.87,94.3,30.07,1022.0,1026.0,1018.0,13.37,33.95,5.18,10.16,19.34,5.2589999999999995,nan,nan,nan,9.97,23.72,4.737,11.21,31.87,1.308,6.745
48,2021-01-29,2.1296296296296298,1.1666666666666667,1.3333333333333333,1.6533333333333333,1.7185185185185183,4.322,3.59,1.4140000000000001,709.7,544.1,202.8,1.3980000000000001,6.108,0.0,169.7,356.5,0.025,6.405,11.74,2.195,44.23,67.35,20.95,1024.0,1027.0,1022.0,12.58,36.25,2.012,8.06,19.63,1.845,nan,nan,nan,7.301,24.01,1.2819999999999998,9.47,34.76,-2.8539999999999996,8.9
49,2021-01-30,1.7592592592592593,1.0370370370370372,1.2266666666666668,1.1466666666666667,1.4814814814814814,3.7939999999999996,2.224,1.932,764.1,452.5,421.1,1.124,5.944,0.0,168.2,356.1,0.0,9.12,15.69,2.399,50.29,74.71,27.35,1021.0,1023.0,1019.0,15.03,42.86,2.377,10.49,21.28,2.042,nan,nan,nan,9.95,26.6,1.281,12.65,38.43,-2.414,6.6579999999999995
50,2021-01-31,0.8333333333333334,0.5925925925925927,0.5333333333333333,0.5333333333333333,0.7111111111111111,2.244,0.47100000000000003,1.794,714.3,356.1,429.6,1.0170000000000001,4.834,0.0,195.1,355.9,0.07400000000000001,13.39,18.89,9.22,50.34,65.67,36.27,1018.0,1020.0,1015.0,16.58,41.96,9.4,14.16,23.97,9.37,nan,nan,nan,13.79,23.24,9.19,15.8,40.03,8.02,1.786
51,2021-02-01,0.3703703703703704,0.1851851851851852,0.26666666666666666,0.29333333333333333,0.3259259259259259,1.376,0.043,1.339,613.3,143.0,502.4,1.048,5.903,0.0,184.9,357.0,0.07400000000000001,10.97,13.78,9.32,79.76,95.9,55.38,1016.0,1020.0,1014.0,12.61,32.21,8.42,11.22,17.37,9.25,11.88,30.02,7.193,11.42,18.22,8.63,11.61,34.56,6.119,0.011000000000000001
52,2021-02-02,0.3703703703703704,0.1851851851851852,0.24,0.26666666666666666,0.35555555555555557,1.514,0.09,1.4680000000000002,591.3,148.6,467.9,1.307,7.587999999999999,0.0,184.8,357.2,0.049,8.09,10.44,5.043,80.9,97.3,63.01,1023.0,1025.0,1020.0,10.15,24.98,4.792,8.43,13.87,4.638999999999999,nan,nan,nan,8.54,16.39,4.171,8.37,27.44,1.334,0.032
53,2021-02-03,1.6296296296296298,0.925925925925926,1.2266666666666668,1.0666666666666667,1.4518518518518517,3.7560000000000002,1.906,2.029,668.6,372.8,451.1,1.034,5.615,0.0,188.0,357.0,0.049,9.86,18.14,3.543,75.16,96.5,44.31,1020.0,1023.0,1016.0,14.92,40.22,4.183,11.03,23.38,3.625,nan,nan,nan,10.62,28.14,3.552,12.75,38.14,0.841,6.404
54,2021-02-04,1.0000000000000002,0.6296296296296298,0.6666666666666666,0.64,0.8592592592592592,2.81,0.629,2.278,653.4,225.3,478.9,1.695,6.643,0.0,140.9,356.8,0.025,10.0,12.38,7.687,63.14,84.8,46.8,1023.0,1026.0,1019.0,13.5,31.43,7.581,10.69,16.03,7.72,nan,nan,nan,10.74,17.56,7.287999999999999,11.96,30.79,4.4910000000000005,2.758
55,2021-02-05,0.925925925925926,0.5555555555555556,0.6666666666666666,0.5599999999999999,0.7407407407407407,0.6779999999999999,0.002,0.6779999999999999,288.7,4.842,289.1,1.1440000000000001,4.834,0.0,183.4,357.2,0.0,9.03,11.02,7.14,87.8,94.7,72.38,1016.0,1019.0,1014.0,10.99,18.38,8.2,9.36,12.13,7.428,nan,nan,nan,9.55,12.75,7.756,9.91,20.61,6.994,0.0
56,2021-02-06,0.9814814814814815,0.5555555555555556,0.7200000000000001,0.5599999999999999,0.8888888888888888,3.638,2.634,1.286,840.0,543.8,517.5,0.86,4.341,0.0,187.7,357.4,0.025,12.68,19.37,9.01,75.94,97.4,31.37,1015.0,1017.0,1013.0,18.2,46.19,8.18,13.9,26.41,9.0,nan,nan,nan,13.98,35.87,8.84,16.48,44.69,5.1739999999999995,5.76
57,2021-02-07,1.7222222222222225,1.0185185185185186,1.1466666666666667,1.2,1.4222222222222223,3.573,1.79,2.048,784.7,360.9,461.3,1.218,5.656000000000001,0.0,153.5,356.8,0.025,13.9,20.12,7.619,60.18,91.7,26.12,1016.0,1020.0,1014.0,18.98,43.34,6.769,15.0,24.22,7.14,nan,nan,nan,14.58,29.86,6.587000000000001,16.87,41.11,3.6310000000000002,5.982
58,2021-02-18,2.777777777777778,1.4074074074074077,1.8666666666666665,1.7066666666666668,2.5777777777777775,5.127999999999999,4.257,1.266,780.8,515.1,174.6,1.188,5.122000000000001,0.0,182.5,356.4,0.0,7.193,14.05,1.3090000000000002,54.09,87.2,22.79,1025.0,1028.0,1023.0,14.88,41.15,2.0140000000000002,8.76,20.33,0.804,nan,nan,nan,8.22,26.55,0.5539999999999999,11.67,41.55,-2.861,10.06
59,2021-02-19,2.898148148148148,1.4629629629629632,1.92,1.8933333333333333,2.340740740740741,5.3,4.732,0.985,807.0,579.2,116.9,1.166,8.08,0.0,192.3,355.9,0.098,12.43,21.41,3.49,43.65,74.16,18.36,1018.0,1023.0,1014.0,19.25,49.27,3.27,14.01,26.96,2.7510000000000003,nan,nan,nan,13.1,36.59,2.3209999999999997,16.42,47.87,-1.9169999999999998,10.22
60,2021-02-20,3.0740740740740744,1.7407407407407405,2.16,2.08,2.340740740740741,5.421,5.032,0.871,815.0,586.0,105.3,1.4680000000000002,8.04,0.0,200.4,355.5,0.049,18.12,25.22,10.92,30.93,51.5,13.86,1012.0,1015.0,1009.0,23.07,53.82,8.19,19.17,32.1,9.76,nan,nan,nan,17.83,39.62,8.2,20.54,49.23,5.013999999999999,10.44
61,2021-02-21,2.8888888888888893,1.962962962962963,2.0533333333333332,2.0533333333333332,2.340740740740741,5.287999999999999,4.721,0.9990000000000001,794.7,556.2,147.2,1.178,6.888999999999999,0.0,192.5,355.3,0.07400000000000001,18.77,26.79,9.97,36.23,63.12,17.81,1009.0,1011.0,1006.0,23.96,51.28,7.952000000000001,19.95,32.47,9.1,nan,nan,nan,18.59,41.34,7.792999999999999,21.57,49.89,3.3339999999999996,10.51
62,2021-02-22,2.185185185185185,0.9629629629629631,1.4666666666666668,1.5466666666666666,1.748148148148148,4.165,2.044,2.013,830.0,496.6,361.0,2.084,13.22,0.0,161.5,355.6,0.07400000000000001,18.15,27.54,10.85,46.73,66.38,26.26,1012.0,1020.0,1008.0,23.45,56.24,10.56,19.28,33.38,10.67,nan,nan,nan,18.66,40.06,10.48,21.83,55.59,7.752000000000001,5.914
63,2021-02-23,1.9259259259259263,1.0740740740740742,1.28,1.2266666666666668,1.5407407407407407,4.247,2.0,2.2030000000000003,844.0,416.8,450.7,2.5780000000000003,7.876,0.0,116.5,356.3,0.049,10.59,14.87,7.8260000000000005,62.34,78.76,37.57,1019.0,1022.0,1016.0,15.73,37.59,8.21,11.45,19.09,7.676,nan,nan,nan,12.13,25.77,7.31,14.0,36.96,4.6160000000000005,6.023
64,2021-02-24,1.4444444444444446,0.8148148148148149,1.0133333333333334,0.9066666666666667,1.2740740740740741,3.553,1.442,2.136,880.0,379.2,450.0,1.944,7.3,0.0,107.4,356.6,0.049,11.5,16.78,8.54,71.27,86.4,48.88,1015.0,1018.0,1011.0,16.45,40.66,9.02,12.31,21.6,8.68,nan,nan,nan,13.22,27.58,8.78,15.44,40.14,7.06,4.664
65,2021-02-25,0.40740740740740744,0.29629629629629634,0.37333333333333335,0.26666666666666666,0.5925925925925926,1.649,0.158,1.535,568.1,175.8,389.4,1.3159999999999998,6.478,0.0,202.6,357.0,0.049,12.1,16.57,9.49,85.7,94.5,67.68,1009.0,1011.0,1007.0,14.33,29.29,9.94,12.45,18.72,9.27,nan,nan,nan,12.48,19.74,9.55,13.26,30.73,7.079,0.303
66,2021-02-26,0.07407407407407408,0.0,0.10666666666666667,0.05333333333333334,0.14814814814814814,0.445,0.0,0.445,136.8,0.37200000000000005,136.6,2.104,8.57,0.0,224.3,357.6,0.049,8.9,9.86,8.37,96.5,99.3,90.2,1014.0,1016.0,1011.0,9.71,11.31,8.6,8.98,9.62,8.39,nan,nan,nan,8.95,9.84,8.43,8.95,10.73,8.16,0.0
67,2021-02-27,0.2592592592592593,0.11111111111111112,0.13333333333333333,0.0,0.23703703703703705,0.636,0.003,0.636,167.2,1.117,167.6,1.1,6.561,0.0,216.2,357.8,0.049,9.8,11.29,8.77,92.6,99.3,84.1,1017.0,1018.0,1015.0,11.33,15.34,9.31,10.09,12.0,8.79,10.3,13.79,8.64,10.08,11.93,8.77,10.55,15.67,8.31,0.0
68,2021-02-28,0.2592592592592593,0.1851851851851852,0.21333333333333335,0.32,0.4740740740740741,1.5330000000000001,0.006999999999999999,1.5419999999999998,508.6,19.74,490.8,0.867,3.355,0.0,170.0,357.9,0.07400000000000001,12.43,15.28,10.1,90.8,99.4,76.26,1014.0,1018.0,1011.0,15.04,29.22,10.61,12.99,18.13,10.08,nan,nan,nan,12.95,18.13,10.22,14.84,32.37,9.87,0.0
69,2021-03-01,0.07407407407407408,0.07407407407407408,0.08,0.08,0.2074074074074074,0.387,0.0,0.387,95.4,0.37200000000000005,95.4,1.494,11.45,0.0,214.1,357.8,0.07400000000000001,11.7,13.88,6.879,93.1,99.1,84.5,1014.0,1021.0,1010.0,12.1,15.78,7.207000000000001,11.54,14.19,6.664,nan,nan,nan,11.55,14.23,6.654,11.38,15.03,6.122999999999999,0.0
70,2021-03-02,2.388888888888889,1.5370370370370372,1.76,1.6266666666666667,2.3111111111111113,5.3420000000000005,4.3,2.023,938.0,776.9,467.9,2.305,8.7,0.0,203.9,357.8,0.049,7.9670000000000005,12.15,5.517,62.98,88.7,23.13,1024.0,1026.0,1021.0,14.5,41.15,6.5489999999999995,9.26,17.16,5.742000000000001,nan,nan,nan,9.68,25.62,5.722,13.04,42.19,4.0,7.8
71,2021-03-03,0.33333333333333337,0.2592592592592593,0.21333333333333335,0.26666666666666666,0.4148148148148148,1.578,0.094,1.546,570.7,319.6,430.3,1.288,7.053999999999999,0.0,172.5,356.4,0.049,8.27,10.48,6.266,67.15,84.3,52.59,1021.0,1025.0,1018.0,10.55,18.18,6.912999999999999,8.69,11.39,6.249,9.37,19.4,5.098,8.68,11.87,6.006,9.6,22.02,4.168,0.23800000000000002
72,2021-03-04,1.6666666666666667,1.1111111111111112,1.2,1.04,1.511111111111111,4.1339999999999995,2.362,2.702,1130.0,641.7,613.0,1.1,4.67,0.0,177.3,356.8,0.049,11.8,17.87,7.142,72.83,91.6,49.56,1016.0,1018.0,1014.0,17.64,38.72,7.852,12.98,23.06,6.968999999999999,nan,nan,nan,13.05,29.03,7.422000000000001,16.42,40.31,5.933,5.14
73,2021-03-05,0.11111111111111112,0.11111111111111112,0.10666666666666667,0.10666666666666667,0.2962962962962963,1.192,0.008,1.1909999999999998,413.2,72.62,350.7,0.985,4.958,0.0,162.3,356.9,0.025,10.7,13.1,7.5489999999999995,85.2,94.1,64.65,1015.0,1017.0,1013.0,12.23,21.55,7.542999999999999,10.75,14.36,7.683,nan,nan,nan,10.88,15.14,7.419,10.62,23.63,3.958,0.0
74,2021-03-06,0.12962962962962965,0.0925925925925926,0.08,0.08,0.2962962962962963,0.643,0.002,0.644,203.4,0.745,204.6,2.9210000000000003,9.48,0.0,129.7,357.6,0.049,9.78,11.02,7.314,89.2,97.6,78.34,1019.0,1024.0,1013.0,10.82,14.59,7.973,9.69,11.56,7.206,nan,nan,nan,9.9,11.78,7.506,9.81,14.83,6.778,0.0
75,2021-03-07,0.16666666666666669,0.12962962962962965,0.10666666666666667,0.05333333333333334,0.23703703703703705,0.588,0.002,0.588,135.2,0.373,135.2,1.335,6.643,0.0,214.2,357.7,0.049,6.392,7.417000000000001,5.382000000000001,94.8,98.0,89.8,1023.0,1025.0,1022.0,8.4,10.55,6.961,6.5360000000000005,7.563,5.486000000000001,nan,nan,nan,6.811,7.843,5.85,6.972,9.94,5.555,0.0
